https://www.cpp.edu/~studentconduct/, 33
https://www.cpp.edu/faculty-staff-gateway/index.shtml, 126
https://www.cpp.edu/~alumni/, 75
https://my.cpp.edu, 10
https://www.cpp.edu/~international/index.shtml, 103
https://www.cpp.edu/health/wellness-center/bronco-kindness.shtml#main, 36
https://www.cpp.edu/president/campus-conversations/understanding-the-budget.shtml, 10
http://www.cpp.edu/~drc/index.shtml, 50
https://www.cpp.edu/president/compliance/index.shtml, 50
https://www.cpp.edu/president/campus-conversations/virtual-instruction.shtml, 10
https://www.cpp.edu/health/make-appointment.shtml, 35
https://www.cpp.edu/benefits/flexible-benefits/pre-tax-parking.shtml, 59
https://www.cpp.edu/health/wellness-center/bronco-kindness.shtml#, 36
https://www.foundation.cpp.edu/dining/hours.aspx, 64
https://www.cpp.edu/#CPPCarousel, 89
https://www.cpp.edu/benefits/retirement-programs/index.shtml, 48
https://www.cpp.edu/benefits/additional-plans/index.shtml, 77
https://www.cpp.edu/benefits/forms.shtml, 73
http://polycentric.cpp.edu/2020/08/cpp-receives-grant-to-support-residency-program-for-new-special-ed-teachers/, 122
https://www.foundation.cpp.edu/dining/, 65
https://foundation.cpp.edu/village/, 86
https://www.cpp.edu/benefits/flexible-benefits/dcra.shtml, 62
https://outlook.office365.com/cpp.edu, 0
https://www.cpp.edu/benefits/flexible-benefits/index.shtml, 60
https://www.cpp.edu/health/about-us/insurance.shtml, 36
https://www.cpp.edu/safety/coronavirus/messages-to-the-community/expectations-for-student-organizations.shtml, 21
https://www.cpp.edu/admissions/, 70
https://www.cpp.edu/agri/, 128
https://www.cpp.edu/~student-accounting/, 98
https://www.cpp.edu/website-feedback.shtml, 12
https://www.cpp.edu/prospective-student-gateway/index.shtml#main, 153
https://cpp.service-now.com/askbilly, 2
https://www.cpp.edu/president/from-the-president/statements.shtml, 55
https://www.broncobookstore.com/, 105
https://www.cpp.edu/~officeofequity/titleIX/index.shtml, 56
https://www.cpp.edu/president/from-the-president/video-messages.shtml, 53
https://www2.calstate.edu/csu-system/news/Pages/Joseph-I-Castro-Appointed-Eighth-CSU-Chancellor.aspx, 113
https://www.cpp.edu/transportation/commuting-to-campus/bike-walk.shtml, 33
https://cpp.service-now.com/ehelp, 2
https://calpolypomona.campuslabs.com/engage/, 0
https://www.cpp.edu/benefits/health-benefits/eligibility.shtml, 60
https://www.cpp.edu/safety/coronavirus/contact-info.shtml, 22
https://www2.calstate.edu/coronavirus/, 147
https://www.cpp.edu/officeofequity/titleIX/index.shtml, 56
https://www.cpp.edu/transportation/commuting-to-campus/rideshare.shtml, 41
https://www.cpp.edu/~ssep/index.shtml, 110
https://www.cpp.edu/cba/, 84
https://cpp.libapps.com/libapps/login.php?site_id=4641&target=, 5
https://twitter.com/calpolypomona, 0
https://www.cpp.edu/~polytransfer/, 79
https://www.cpp.edu/president/from-the-president/2020-fall/virtual-year-20-21.shtml, 38
https://polyform.cpp.edu/Loginformproc/UnityForm.aspx?d1=AZ85aH9g8xWhUNBeVtmguxc85YGS4VmrASAcqIxrG3XB3cnk1butgWMn8Q4RefJt0gWvlzFBH9iZHOUrqr2JPUJjbYDk%2fN2%2f%2fIgU2dtxLYOYcIIDgvkFlm4bEJoYXeW0ba57bnyvZZW9cZYRkUw43F5IE2OetWNznmsN8RUlcrrhjyYK9yLPbK%2fd6ar6BbTGRswIaMX%2f9eSOUDbOef224MES%2fnkHK2pN9Tej8EKqMMfF, 0
https://www.cpp.edu/family/index.shtml, 38
http://www.cpp.edu/~campus-life/diversity/index.shtml, 87
https://www.cpp.edu/~academics/majors-degrees/index.shtml, 81
https://cpp.libcal.com/calendar/events/?cid=5014&t=d&d=0000-00-00&cal=5014&inc=0#s-lc-public-main, 7
https://www.cpp.edu/health/health-topics/atod.shtml, 37
https://www.cpp.edu/health/about-us/shac.shtml, 32
https://www.cpp.edu/benefits/health-benefits/open-enrollment.shtml#, 65
http://www.cpp.edu/president/, 46
http://www.cpp.edu/academic-affairs/index.shtml, 104
https://www.cpp.edu/benefits/health-benefits/medical.shtml, 71
https://www.cpp.edu/benefits/contact-us/index.shtml, 63
https://www.cpp.edu/~cppbit/, 29
https://www.cpp.edu/health/forms.shtml, 42
http://www.calstate.edu/icsuam/documents/section8000.pdf, 120
https://www.cpp.edu/health/health-topics/colds-flu.shtml, 35
https://www.cpp.edu/annual-security-report.shtml, 12
https://www.cpp.edu/benefits/retirement-programs/retirement-workshop.shtml, 59
https://www.cpp.edu/together/recognition.shtml, 15
https://apps.cpp.edu/idm/login.aspx?ReturnUrl=%2fidm%2fuser_account.aspx, 10
https://www.cpp.edu/president/office-directory/index.shtml, 44
https://www2.calstate.edu/apply, 131
https://www.cpp.edu/~studentsuccess/, 45
https://www.cpp.edu/health/about-us/mission.shtml, 33
https://asi.cpp.edu/student-government/about-sg/, 101
https://broncoathletics.com/, 118
https://www.cpp.edu/class/, 106
https://www.cpp.edu/employee-assist/index.shtml, 87
https://www.cpp.edu/safety/coronavirus/faqs.shtml, 40
https://www.cpp.edu/president/from-the-president/presidential-orders.shtml, 40
https://www.cpp.edu/safety/coronavirus/, 41
https://www2.calstate.edu/csu-system/careers/compensation/Pages/compensation-calculator.aspx, 132
https://www.cpp.edu/safety/coronavirus/campus-updates.shtml, 82
https://www.cpp.edu/safety/coronavirus/offices-services.shtml, 91
https://www.cpp.edu/~cce/, 62
https://www.cpp.edu/~orientation/, 41
https://www.cpp.edu/workers-comp/, 31
https://www.cpp.edu/~mobile-app/, 75
https://www.cpp.edu/~studentsuccess/directories/advising-directory.shtml, 59
http://publichealth.lacounty.gov/, 5
https://www.cpp.edu/~parking/index.shtml, 57
https://www.cpp.edu/events/, 22
https://www.cpp.edu/health/about-us/non-cpp-students.shtml, 32
https://broncoathletics.com/calendar.aspx, 119
https://www.cpp.edu/president/about/cv.shtml, 37
http://www.cpp.edu/it/index.shtml, 49
https://www.cpp.edu/~testcenter/index.shtml, 1
https://polyform.cpp.edu/Loginformproc/UnityForm.aspx?d1=AcNUEnxxQpTHXAw%2fhB0YXaDQFx1Ey3M6AT1eOFfoaqtDyyOcJ3BoNR4Ma%2fVvwmIrd303UT92%2fKaNkayEMEKSNJSHhZiUiHJi%2bybtXRo6uHTilNk%2b%2fXrPt0rhGSAvdQZskl2Nrs3Tkah%2b7%2fiQp1%2bHC%2fRfddmzErKAGbKlxjmeLWNaya%2b%2bEiGMrnvlWIBJu05WXnaDzmG1lg0rBL7icama%2fUzhEoxu%2fyfMy5Gm3M%2fDqlFo, 0
https://www.cpp.edu/broncodreamers/carecen/about.shtml, 37
https://www.cpp.edu/safety/safer-return/index.shtml, 52
https://www.cpp.edu/president/campus-conversations/index.shtml, 10
https://www.cpp.edu/health/health-topics/nutrition.shtml, 41
https://www.cpp.edu/~our-cpp/, 119
https://www.cpp.edu/president/from-the-president/2020-fall/csu-chancellor-select.shtml#item-1, 40
https://www.cpp.edu/president/from-the-president/2020-fall/csu-chancellor-select.shtml#item-2, 40
https://www.cpp.edu/president/from-the-president/2020-fall/csu-chancellor-select.shtml#item-3, 40
https://foundation.cpp.edu/broncobucks/, 62
https://www.cpp.edu/president/from-the-president/2020-fall/csu-chancellor-select.shtml#item-4, 40
https://www.cpp.edu/academic-manual, 39
https://www.cpp.edu/health/health-topics/sleep.shtml, 36
https://www.cpp.edu/transportation/commuting-to-campus/bronco-shuttle.shtml, 30
https://www.cpp.edu/~outreach/pre-admission-advising.shtml, 30
https://www.cpp.edu/transportation/commuting-to-campus/riding-the-bus.shtml, 39
https://polyform.cpp.edu/LoginFormproc/UnityForm.aspx?d1=AaLxGUn8zRdOts1ZkGDOUpQm7M7NF%2beM084%2bTcomvr6uqlAwcA7n0hYtJQ1MmAhQkeyBg3fVCawYE2ZiOsEKUTQ1X5siEqZmoSgt1NOH9l%2fPbR2O0tWInEB%2bSZ14zG%2boXGV0gUWv7mTB74hg5HR2WmNuw%2frRNkk%2f3dDV5vCzYhZ9cvgXelu%2bn2GPPIE3XBDa5LPOcsg315WZy9Mo9kyGvkhU1k7C6cdIPNYYe7xE1kOx, 0
https://www.cpp.edu/president/leadership.shtml, 39
https://apps.cpp.edu/bronco411/search/, 24
https://www.cpp.edu/benefits/income-protection/index.shtml, 62
https://www.cpp.edu/health/health-topics/sexual-health.shtml, 45
https://www.cpp.edu/benefits/dev/index.shtml, 41
https://www.cpp.edu/benefits/flexible-benefits/tapp.shtml, 56
https://www.cpp.edu/stratcomm/for-the-media.shtml, 89
http://www.cpp.edu/~library/index.shtml, 46
https://www.cpp.edu/benefits/health-benefits/index.shtml, 63
https://www.cpp.edu/file-viewers.shtml, 16
https://www.cpp.edu/em/emergency-communication/safety-alert-system.shtml, 94
https://www.cpp.edu/prospective-student-gateway/index.shtml, 153
https://www.cpp.edu/~studentsuccess/oss/early-start/, 20
https://www.cpp.edu/president/strategic-planning.shtml, 40
https://www.cpp.edu/health/contact-us.shtml, 37
https://www.cpp.edu/benefits/leaves/procedures.shtml, 39
https://my.cpp.edu/, 10
https://www.cpp.edu/jobs/index.shtml, 91
http://www.assist.org/web-assist/welcome.html, 0
http://asi.cpp.edu/, 95
https://www.cpp.edu/privacy.shtml, 18
https://www.cpp.edu/benefits/health-benefits/vision.shtml, 66
https://youtu.be/bPITHEiFWLc, 12
https://www.instagram.com/calpolypomona/, 0
https://www.cpp.edu/~lrc/, 34
http://www.cpp.edu/~oslcc/index.shtml, 55
http://www.cpp.edu/oslcc/greek-life/index.shtml, 26
http://polycentric.cpp.edu/2020/09/cal-poly-pomona-water-treatment-plant-receives-industry-award/, 121
https://www.cpp.edu/~studentsuccess/academic-calendar/index.shtml, 1
https://covid19.ca.gov, 49
https://www.cpp.edu/broncodreamers/index.shtml, 55
https://www.cpp.edu/studentsuccess/virtual-advising-toolkit.shtml, 119
https://www.cpp.edu/registrar//transfer-credit-info/index.shtml, 59
https://www.cpp.edu/safety/coronavirus/#main, 41
https://www.cpp.edu/safety/coronavirus/faqs/staff.shtml, 33
https://www.cpp.edu/campus-safety-plan.shtml, 15
https://www.cpp.edu/safety/coronavirus/faqs/index.shtml, 59
https://www.cpp.edu/student-affairs/covid19.shtml, 71
https://www.cpp.edu/alumni/, 75
https://www.cpp.edu/~international/study-abroad/index.shtml, 116
https://www.cpp.edu/benefits/health-benefits/dental.shtml, 60
https://www.cpp.edu/~outreach/tours.shtml, 31
https://www.cpp.edu/collins/, 40
https://www.cpp.edu/benefits/health-benefits/open-enrollment.shtml#main, 65
https://www.cpp.edu/~honorscollege/index.shtml, 98
https://www.cpp.edu/, 89
https://www.springshare.com, 72
https://cpp.formstack.com/forms/letter_request, 0
https://www.cpp.edu/president/campus-conversations/student-success.shtml, 10
https://asi.cpp.edu/childrens-center/, 114
https://www.cpp.edu/contact.shtml, 22
https://cpp.libcal.com/calendar/events/?cid=5014&t=d&d=0000-00-00&cal=5014&inc=0, 7
https://www.cpp.edu/~gradstudies/, 40
https://www2.calstate.edu, 147
https://www.cpp.edu/sci, 118
https://www.cpp.edu/president/about/memberships-and-appointments.shtml, 40
http://www.google.com/privacypolicy.html, 1
https://www.cpp.edu/president/honoring-exellence/emeritus-awards.shtml, 40
https://www.cpp.edu/~polyadvantage/index.shtml, 39
https://csyou.calstate.edu/Employee-Resources/Benefits/Retirement/Pages/default.aspx, 2
https://www.cpp.edu/safety/coronavirus/faqs/students.shtml, 70
https://www.cpp.edu/benefits/leaves/index.shtml, 50
https://www.cpp.edu/safety/coronavirus/messages-to-the-community/in-person-learning-components.shtml, 26
https://www.cpp.edu/benefits/leaves/covid-19-leaves.shtml, 48
https://www.cpp.edu/safety/coronavirus/#, 41
https://www.cpp.edu/benefits/health-benefits/open-enrollment.shtml, 65
http://www.cpp.edu/admin-affairs/index.shtml, 36
https://maps.cpp.edu/, 0
https://www.cpp.edu/~veterans/, 112
https://www.cdc.gov/coronavirus/, 0
https://www.cpp.edu/basicneeds/index.shtml, 47
https://www.cpp.edu/~compass/, 24
https://www.ceu.cpp.edu/, 0
https://www.cpp.edu/together/thanks.shtml, 14
https://www.cpp.edu/student-gateway/index.shtml, 157
https://www.cpp.edu/~career/, 161
https://www.cpp.edu/safety/coronavirus/messages-to-the-community/new-student-covid-19-cases-off-campus.shtml, 27
https://www.cpp.edu/police/programs-and-services/safety-escort-service.shtml#cso, 33
https://www.cpp.edu/alumni/spotlight/index-dominguez.shtml, 43
http://my.cpp.edu, 10
https://www.cpp.edu/alpha-index/index.shtml, 16
http://www.google.com/analytics/tos.html, 59
https://www.cpp.edu/cafe/remote-teaching/, 56
https://www.cpp.edu/safety/coronavirus/messages-to-the-community/staying-safe-during-fall-semester.shtml, 25
https://www.cpp.edu/privacy.shtml#main, 18
https://www.cpp.edu/safety/coronavirus/faqs/faculty.shtml, 51
https://www.cpp.edu/ceis/, 93
https://www.cpp.edu/~studentsuccess/bac/index.shtml, 1
http://polycentric.cpp.edu/2020/09/architecture-student-receives-csus-highest-recognition-of-achievement/, 116
https://www.cpp.edu/philanthropy/, 29
https://www.cpp.edu/safety/coronavirus/messages-to-the-community/safer-return-task-force.shtml, 23
https://broncoathletics.com/index.aspx, 118
https://www.cpp.edu/library/index.shtml, 46
https://www.cpp.edu/em/, 100
https://www.cpp.edu/president/honoring-exellence/presidents-honor-list.shtml, 37
https://www.cpp.edu/benefits/health-benefits/enrollment.shtml, 42
https://livecsupomona.sharepoint.com/sites/itcompliance/Shared%20Documents/GDPR/oag.ca.gov/privacy, 0
http://www.cpp.edu/hrscsc/new-employee/benefits-information.shtml, 101
https://www.cpp.edu/inclusive-excellence/index.shtml, 21
https://www.cpp.edu/president/campus-leadership/index.shtml, 47
http://www.cpp.edu/student-affairs/index.shtml, 88
https://www.cdc.gov/coronavirus/2019-ncov/index.html, 215
https://www.cpp.edu/~studentsuccess/oss/graduation-pledge/index.shtml, 19
https://www.cpp.edu/~academics/colleges-departments/index.shtml, 136
https://www.cpp.edu/index.shtml, 89
https://www.cpp.edu/engineering/, 95
https://www.cpp.edu/benefits/index.shtml, 81
http://polycentric.cpp.edu/2020/09/us-news-ranks-cal-poly-pomona-no-2-top-public-school-in-west/, 121
https://www.cpp.edu/~police/index.shtml, 60
https://www.cpp.edu/benefits/education/index.shtml, 56
https://www.cpp.edu/president/honoring-exellence/presidents-scholars.shtml, 40
https://www.cpp.edu/health/wellness-center/bronco-kindness.shtml, 36
https://www.cpp.edu/safety/coronavirus/reporting.shtml, 29
http://www.cpp.edu/hrscsc/index.shtml, 93
https://www.cpp.edu/health/health-topics/physical-activity.shtml, 42
https://www.cpp.edu/safety/coronavirus/messages-to-the-community/index.shtml, 79
http://portfolios.cpp.edu/, 23
https://www.cpp.edu/~deanofstudents/bdrc/, 1
https://www.cpp.edu/accessibility.shtml, 20
https://www.cpp.edu/health/student-health-services.shtml, 41
https://www.cpp.edu/#main, 89
https://www.cpp.edu/health/bronco-wellness-services.shtml, 50
https://www.cpp.edu/~career/index.shtml, 161
https://www.cpp.edu/president/from-the-president/news.shtml, 64
https://www.cpp.edu/benefits/faq.shtml, 61
https://www.cpp.edu/health/health-topics/mental-health.shtml, 39
https://www.cpp.edu/~agri/, 128
http://polycentric.cpp.edu/2020/09/ag-and-engineering-to-tap-241k-usda-grant-to-aid-sheep-farmers/, 146
https://www.cpp.edu/president/about/index.shtml, 37
https://polyform.cpp.edu/Loginformproc/UnityForm.aspx?d1=AVgZ0rMVxJ%2fFnmtHCGcR%2b%2bumsgmF7YjcSb0XxtqyATiIb2eBCDIynMLnaC%2bF0UwCjJLBio%2bYstrFm7mq90rXlc7a6mx38ndHWNhdPif%2bmbHSVqO%2fsGRG0EdcF04XJ3GKoh9iJwB5LRtDoSuMvYuXzV%2fbCAllGNkOPERf6gMwdCmXSwefag0opGwIwkSuzKK3o9nUYKluKAzsIMnS5GusStLhfAiFIHiH6GEzV1zN%2fRUZ, 0
https://www.cpp.edu/benefits/flexible-benefits/hcra.shtml, 63
https://www.cpp.edu/caps/index.shtml, 59
https://cpp.libcal.com/calendar/events/?cid=5014&t=d&d=0000-00-00&cal=5014&inc=0#, 7
https://www.cpp.edu/studentsuccess/, 45
https://www.facebook.com/calpolypomona, 50
https://www.cpp.edu/~housing/housing-options/index.shtml, 122
https://www.cpp.edu/~library/index.shtml, 46
https://polycentric.cpp.edu, 128
https://www.cpp.edu/president/index.shtml, 46
https://www2.calstate.edu/Pages/livestream.aspx, 110
https://asi.cpp.edu/campusrec/, 122
https://www.cpp.edu/health/about-us/staff.shtml, 48
https://www.cpp.edu/maps/, 0
https://www.cpp.edu/president/schedule-the-president/index.shtml, 39
https://csyou.calstate.edu/Employee-Resources/Benefits/open-enrollment/Pages/virtual-open-enrollment.aspx, 2
https://www.cpp.edu/giving/about-us.shtml, 28
https://csyou.calstate.edu/Employee-Resources/Benefits/open-enrollment/Documents/Open%20Enrollment%202021-Rate%20Sheet%20for%20Web-compressed.pdf, 2
https://www.cpp.edu/safety/coronavirus/index.shtml, 41
https://youtu.be/QNo5ZDvKuHg, 12
https://www.cpp.edu/health/about-us/fee-schedule.shtml, 33
https://csyou.calstate.edu/Employee-Resources/Benefits/open-enrollment/Documents/Open%20Enrollment%20Benefits%20Guide%20Booklet.pdf, 2
https://www.cpp.edu/~studentsuccess/oss/fye/index.shtml, 25
https://www.cpp.edu/health/index.shtml, 56
https://asi.cpp.edu/, 95
https://www.cpp.edu/president/from-the-president/2020-fall/csu-chancellor-select.shtml, 40
https://www.cpp.edu/president/from-the-president/2020-fall/csu-chancellor-select.shtml#main, 40
https://www.cpp.edu/~financial-aid/, 140
http://www.cpp.edu/~officeofequity/, 74
https://www.cpp.edu/env/, 1
https://www.cpp.edu/~aboutcpp/index.shtml, 62
https://www.youtube.com/user/calpolypomona, 12
https://cpp.formstack.com/forms/bronco_kindness_letter_submission, 0
https://www.cpp.edu/em/emergency-procedures.shtml, 105
https://www.cpp.edu/giving/index.shtml, 31
https://www.cpp.edu/president/history/index.shtml, 39
